timestamp,src,dst,protocol,smac,dmac,cs1,cs1Label
May 28 2018 04:04:39 UTC,128.143.188.120,203.205.151.50,tcp,a8:d0:e5:e0:d7:19,12:34:56:12:34:56,Trojan.Qzonit,sname
May 28 2018 04:04:39 UTC,128.143.188.120,203.205.151.50,tcp,a8:d0:e5:e0:d7:19,12:34:56:12:34:56,Trojan.Qzonit,sname
May 28 2018 04:09:38 UTC,128.143.188.120,203.205.151.50,tcp,a8:d0:e5:e0:d7:19,12:34:56:12:34:56,Trojan.Qzonit,sname
May 28 2018 04:09:38 UTC,128.143.188.120,203.205.151.50,tcp,a8:d0:e5:e0:d7:19,12:34:56:12:34:56,Trojan.Qzonit,sname
May 28 2018 04:13:08 UTC,128.143.188.120,203.205.151.50,tcp,a8:d0:e5:e0:d7:19,12:34:56:12:34:56,Trojan.Qzonit,sname
May 28 2018 04:13:08 UTC,128.143.188.120,203.205.151.50,tcp,a8:d0:e5:e0:d7:19,12:34:56:12:34:56,Trojan.Qzonit,sname
May 28 2018 04:14:52 UTC,128.143.188.120,203.205.151.50,tcp,a8:d0:e5:e0:d7:19,12:34:56:12:34:56,Trojan.Qzonit,sname
May 28 2018 04:14:52 UTC,128.143.188.120,203.205.151.50,tcp,a8:d0:e5:e0:d7:19,12:34:56:12:34:56,Trojan.Qzonit,sname
May 28 2018 04:18:23 UTC,128.143.188.120,203.205.151.50,tcp,a8:d0:e5:e0:d7:19,12:34:56:12:34:56,Trojan.Qzonit,sname
May 28 2018 04:18:23 UTC,128.143.188.120,203.205.151.50,tcp,a8:d0:e5:e0:d7:19,12:34:56:12:34:56,Trojan.Qzonit,sname
May 28 2018 04:23:37 UTC,128.143.188.120,203.205.151.50,tcp,a8:d0:e5:e0:d7:19,12:34:56:12:34:56,Trojan.Qzonit,sname
May 28 2018 04:23:37 UTC,128.143.188.120,203.205.151.50,tcp,a8:d0:e5:e0:d7:19,12:34:56:12:34:56,Trojan.Qzonit,sname
May 28 2018 04:30:21 UTC,128.143.188.120,203.205.151.50,tcp,a8:d0:e5:e0:d7:19,12:34:56:12:34:56,Trojan.Qzonit,sname
May 28 2018 04:30:21 UTC,128.143.188.120,203.205.151.50,tcp,a8:d0:e5:e0:d7:19,12:34:56:12:34:56,Trojan.Qzonit,sname
May 28 2018 04:44:03 UTC,128.143.188.120,203.205.151.50,tcp,a8:d0:e5:e0:d7:19,12:34:56:12:34:56,Trojan.Qzonit,sname
May 28 2018 04:44:03 UTC,128.143.188.120,203.205.151.50,tcp,a8:d0:e5:e0:d7:19,12:34:56:12:34:56,Trojan.Qzonit,sname
May 28 2018 04:51:03 UTC,128.143.188.120,203.205.151.50,tcp,a8:d0:e5:e0:d7:19,12:34:56:12:34:56,Trojan.Qzonit,sname
May 28 2018 04:51:03 UTC,128.143.188.120,203.205.151.50,tcp,a8:d0:e5:e0:d7:19,12:34:56:12:34:56,Trojan.Qzonit,sname
May 28 2018 04:52:48 UTC,128.143.188.120,203.205.151.50,tcp,a8:d0:e5:e0:d7:19,12:34:56:12:34:56,Trojan.Qzonit,sname
May 28 2018 04:52:48 UTC,128.143.188.120,203.205.151.50,tcp,a8:d0:e5:e0:d7:19,12:34:56:12:34:56,Trojan.Qzonit,sname
May 28 2018 05:06:30 UTC,128.143.188.120,203.205.151.50,tcp,a8:d0:e5:e0:d7:19,12:34:56:12:34:56,Trojan.Qzonit,sname
May 28 2018 05:06:30 UTC,128.143.188.120,203.205.151.50,tcp,a8:d0:e5:e0:d7:19,12:34:56:12:34:56,Trojan.Qzonit,sname
May 28 2018 05:14:58 UTC,128.143.188.120,203.205.151.50,tcp,a8:d0:e5:e0:d7:19,12:34:56:12:34:56,Trojan.Qzonit,sname
May 28 2018 05:14:58 UTC,128.143.188.120,203.205.151.50,tcp,a8:d0:e5:e0:d7:19,12:34:56:12:34:56,Trojan.Qzonit,sname
May 28 2018 05:18:28 UTC,128.143.188.120,203.205.151.50,tcp,a8:d0:e5:e0:d7:19,12:34:56:12:34:56,Trojan.Qzonit,sname
May 28 2018 05:18:28 UTC,128.143.188.120,203.205.151.50,tcp,a8:d0:e5:e0:d7:19,12:34:56:12:34:56,Trojan.Qzonit,sname
May 28 2018 05:24:52 UTC,128.143.188.120,203.205.151.50,tcp,a8:d0:e5:e0:d7:19,12:34:56:12:34:56,Trojan.Qzonit,sname
May 28 2018 05:24:52 UTC,128.143.188.120,203.205.151.50,tcp,a8:d0:e5:e0:d7:19,12:34:56:12:34:56,Trojan.Qzonit,sname
May 28 2018 05:26:37 UTC,128.143.188.120,203.205.151.50,tcp,a8:d0:e5:e0:d7:19,12:34:56:12:34:56,Trojan.Qzonit,sname
May 28 2018 05:26:37 UTC,128.143.188.120,203.205.151.50,tcp,a8:d0:e5:e0:d7:19,12:34:56:12:34:56,Trojan.Qzonit,sname
May 28 2018 05:35:23 UTC,128.143.188.120,203.205.151.50,tcp,a8:d0:e5:e0:d7:19,12:34:56:12:34:56,Trojan.Qzonit,sname
May 28 2018 05:35:23 UTC,128.143.188.120,203.205.151.50,tcp,a8:d0:e5:e0:d7:19,12:34:56:12:34:56,Trojan.Qzonit,sname
May 28 2018 05:40:38 UTC,128.143.188.120,203.205.151.50,tcp,a8:d0:e5:e0:d7:19,12:34:56:12:34:56,Trojan.Qzonit,sname
May 28 2018 05:40:38 UTC,128.143.188.120,203.205.151.50,tcp,a8:d0:e5:e0:d7:19,12:34:56:12:34:56,Trojan.Qzonit,sname
May 28 2018 05:43:50 UTC,128.143.188.120,203.205.151.50,tcp,a8:d0:e5:e0:d7:19,12:34:56:12:34:56,Trojan.Qzonit,sname
May 28 2018 05:43:50 UTC,128.143.188.120,203.205.151.50,tcp,a8:d0:e5:e0:d7:19,12:34:56:12:34:56,Trojan.Qzonit,sname
May 28 2018 05:57:50 UTC,128.143.188.120,203.205.151.50,tcp,a8:d0:e5:e0:d7:19,12:34:56:12:34:56,Trojan.Qzonit,sname
May 28 2018 05:57:50 UTC,128.143.188.120,203.205.151.50,tcp,a8:d0:e5:e0:d7:19,12:34:56:12:34:56,Trojan.Qzonit,sname
May 28 2018 05:59:35 UTC,128.143.188.120,203.205.151.50,tcp,a8:d0:e5:e0:d7:19,12:34:56:12:34:56,Trojan.Qzonit,sname
May 28 2018 05:59:35 UTC,128.143.188.120,203.205.151.50,tcp,a8:d0:e5:e0:d7:19,12:34:56:12:34:56,Trojan.Qzonit,sname
May 28 2018 06:06:17 UTC,128.143.188.120,203.205.151.50,tcp,a8:d0:e5:e0:d7:19,12:34:56:12:34:56,Trojan.Qzonit,sname
May 28 2018 06:06:17 UTC,128.143.188.120,203.205.151.50,tcp,a8:d0:e5:e0:d7:19,12:34:56:12:34:56,Trojan.Qzonit,sname
May 28 2018 06:08:02 UTC,128.143.188.120,203.205.151.50,tcp,a8:d0:e5:e0:d7:19,12:34:56:12:34:56,Trojan.Qzonit,sname
May 28 2018 06:08:02 UTC,128.143.188.120,203.205.151.50,tcp,a8:d0:e5:e0:d7:19,12:34:56:12:34:56,Trojan.Qzonit,sname
May 28 2018 06:16:31 UTC,128.143.188.120,203.205.151.50,tcp,a8:d0:e5:e0:d7:19,12:34:56:12:34:56,Trojan.Qzonit,sname
May 28 2018 06:16:31 UTC,128.143.188.120,203.205.151.50,tcp,a8:d0:e5:e0:d7:19,12:34:56:12:34:56,Trojan.Qzonit,sname
May 28 2018 06:20:01 UTC,128.143.188.120,203.205.151.50,tcp,a8:d0:e5:e0:d7:19,12:34:56:12:34:56,Trojan.Qzonit,sname
May 28 2018 06:20:01 UTC,128.143.188.120,203.205.151.50,tcp,a8:d0:e5:e0:d7:19,12:34:56:12:34:56,Trojan.Qzonit,sname
May 28 2018 06:24:57 UTC,128.143.188.120,203.205.151.50,tcp,a8:d0:e5:e0:d7:19,12:34:56:12:34:56,Trojan.Qzonit,sname
May 28 2018 06:24:57 UTC,128.143.188.120,203.205.151.50,tcp,a8:d0:e5:e0:d7:19,12:34:56:12:34:56,Trojan.Qzonit,sname
May 28 2018 06:26:42 UTC,128.143.188.120,203.205.151.50,tcp,a8:d0:e5:e0:d7:19,12:34:56:12:34:56,Trojan.Qzonit,sname
May 28 2018 06:26:42 UTC,128.143.188.120,203.205.151.50,tcp,a8:d0:e5:e0:d7:19,12:34:56:12:34:56,Trojan.Qzonit,sname
May 28 2018 06:31:58 UTC,128.143.188.120,203.205.151.50,tcp,a8:d0:e5:e0:d7:19,12:34:56:12:34:56,Trojan.Qzonit,sname
May 28 2018 06:31:58 UTC,128.143.188.120,203.205.151.50,tcp,a8:d0:e5:e0:d7:19,12:34:56:12:34:56,Trojan.Qzonit,sname
May 28 2018 06:38:37 UTC,128.143.188.120,203.205.151.50,tcp,a8:d0:e5:e0:d7:19,12:34:56:12:34:56,Trojan.Qzonit,sname
May 28 2018 06:38:37 UTC,128.143.188.120,203.205.151.50,tcp,a8:d0:e5:e0:d7:19,12:34:56:12:34:56,Trojan.Qzonit,sname
May 28 2018 06:40:22 UTC,128.143.188.123,203.205.151.50,tcp,a8:d0:e5:e0:d7:19,12:34:56:12:34:56,Trojan.Qzonit,sname
May 28 2018 06:40:22 UTC,128.143.188.123,203.205.151.50,tcp,a8:d0:e5:e0:d7:19,12:34:56:12:34:56,Trojan.Qzonit,sname
May 28 2018 06:42:07 UTC,128.143.188.120,203.205.151.50,tcp,a8:d0:e5:e0:d7:19,12:34:56:12:34:56,Trojan.Qzonit,sname
May 28 2018 06:42:07 UTC,128.143.188.120,203.205.151.50,tcp,a8:d0:e5:e0:d7:19,12:34:56:12:34:56,Trojan.Qzonit,sname
May 28 2018 06:50:33 UTC,128.143.188.120,203.205.151.50,tcp,a8:d0:e5:e0:d7:19,12:34:56:12:34:56,Trojan.Qzonit,sname
May 28 2018 06:50:33 UTC,128.143.188.120,203.205.151.50,tcp,a8:d0:e5:e0:d7:19,12:34:56:12:34:56,Trojan.Qzonit,sname
May 28 2018 06:55:53 UTC,128.143.188.120,203.205.151.50,tcp,a8:d0:e5:e0:d7:19,12:34:56:12:34:56,Trojan.Qzonit,sname
May 28 2018 06:55:53 UTC,128.143.188.120,203.205.151.50,tcp,a8:d0:e5:e0:d7:19,12:34:56:12:34:56,Trojan.Qzonit,sname
May 28 2018 06:57:47 UTC,128.143.188.120,203.205.151.50,tcp,a8:d0:e5:e0:d7:19,12:34:56:12:34:56,Trojan.Qzonit,sname
May 28 2018 06:57:47 UTC,128.143.188.120,203.205.151.50,tcp,a8:d0:e5:e0:d7:19,12:34:56:12:34:56,Trojan.Qzonit,sname
May 28 2018 07:06:39 UTC,128.143.188.120,203.205.151.50,tcp,a8:d0:e5:e0:d7:19,12:34:56:12:34:56,Trojan.Qzonit,sname
May 28 2018 07:06:39 UTC,128.143.188.120,203.205.151.50,tcp,a8:d0:e5:e0:d7:19,12:34:56:12:34:56,Trojan.Qzonit,sname
May 28 2018 07:10:09 UTC,128.143.188.120,203.205.151.50,tcp,a8:d0:e5:e0:d7:19,12:34:56:12:34:56,Trojan.Qzonit,sname
May 28 2018 07:10:09 UTC,128.143.188.120,203.205.151.50,tcp,a8:d0:e5:e0:d7:19,12:34:56:12:34:56,Trojan.Qzonit,sname
May 28 2018 07:23:53 UTC,128.143.188.120,203.205.151.50,tcp,a8:d0:e5:e0:d7:19,12:34:56:12:34:56,Trojan.Qzonit,sname
May 28 2018 07:23:53 UTC,128.143.188.120,203.205.151.50,tcp,a8:d0:e5:e0:d7:19,12:34:56:12:34:56,Trojan.Qzonit,sname
May 28 2018 07:32:37 UTC,128.143.188.120,203.205.151.50,tcp,a8:d0:e5:e0:d7:19,12:34:56:12:34:56,Trojan.Qzonit,sname
May 28 2018 07:32:37 UTC,128.143.188.120,203.205.151.50,tcp,a8:d0:e5:e0:d7:19,12:34:56:12:34:56,Trojan.Qzonit,sname
May 28 2018 07:37:52 UTC,128.143.188.120,203.205.151.50,tcp,a8:d0:e5:e0:d7:19,12:34:56:12:34:56,Trojan.Qzonit,sname
May 28 2018 07:37:52 UTC,128.143.188.120,203.205.151.50,tcp,a8:d0:e5:e0:d7:19,12:34:56:12:34:56,Trojan.Qzonit,sname
May 28 2018 07:43:07 UTC,128.143.188.120,203.205.151.50,tcp,a8:d0:e5:e0:d7:19,12:34:56:12:34:56,Trojan.Qzonit,sname
May 28 2018 07:43:07 UTC,128.143.188.120,203.205.151.50,tcp,a8:d0:e5:e0:d7:19,12:34:56:12:34:56,Trojan.Qzonit,sname
May 28 2018 07:53:45 UTC,128.143.188.120,203.205.151.50,tcp,a8:d0:e5:e0:d7:19,12:34:56:12:34:56,Trojan.Qzonit,sname
May 28 2018 07:53:45 UTC,128.143.188.120,203.205.151.50,tcp,a8:d0:e5:e0:d7:19,12:34:56:12:34:56,Trojan.Qzonit,sname
May 28 2018 07:55:17 UTC,128.143.188.120,203.205.151.50,tcp,a8:d0:e5:e0:d7:19,12:34:56:12:34:56,Trojan.Qzonit,sname
May 28 2018 07:55:17 UTC,128.143.188.120,203.205.151.50,tcp,a8:d0:e5:e0:d7:19,12:34:56:12:34:56,Trojan.Qzonit,sname
May 28 2018 08:12:17 UTC,128.143.188.120,203.205.151.50,tcp,a8:d0:e5:e0:d7:19,12:34:56:12:34:56,Trojan.Qzonit,sname
May 28 2018 08:12:17 UTC,128.143.188.120,203.205.151.50,tcp,a8:d0:e5:e0:d7:19,12:34:56:12:34:56,Trojan.Qzonit,sname
May 28 2018 08:18:59 UTC,128.143.188.120,203.205.151.50,tcp,a8:d0:e5:e0:d7:19,12:34:56:12:34:56,Trojan.Qzonit,sname
May 28 2018 08:18:59 UTC,128.143.188.120,203.205.151.50,tcp,a8:d0:e5:e0:d7:19,12:34:56:12:34:56,Trojan.Qzonit,sname
May 28 2018 08:20:44 UTC,128.143.188.120,203.205.151.50,tcp,a8:d0:e5:e0:d7:19,12:34:56:12:34:56,Trojan.Qzonit,sname
May 28 2018 08:20:44 UTC,128.143.188.120,203.205.151.50,tcp,a8:d0:e5:e0:d7:19,12:34:56:12:34:56,Trojan.Qzonit,sname
May 28 2018 08:23:55 UTC,128.143.188.120,203.205.151.50,tcp,a8:d0:e5:e0:d7:19,12:34:56:12:34:56,Trojan.Qzonit,sname
May 28 2018 08:23:55 UTC,128.143.188.120,203.205.151.50,tcp,a8:d0:e5:e0:d7:19,12:34:56:12:34:56,Trojan.Qzonit,sname
May 28 2018 08:30:55 UTC,128.143.188.120,203.205.151.50,tcp,a8:d0:e5:e0:d7:19,12:34:56:12:34:56,Trojan.Qzonit,sname
May 28 2018 08:30:55 UTC,128.143.188.120,203.205.151.50,tcp,a8:d0:e5:e0:d7:19,12:34:56:12:34:56,Trojan.Qzonit,sname
May 28 2018 08:32:40 UTC,128.143.188.120,203.205.151.50,tcp,a8:d0:e5:e0:d7:19,12:34:56:12:34:56,Trojan.Qzonit,sname
May 28 2018 08:32:40 UTC,128.143.188.120,203.205.151.50,tcp,a8:d0:e5:e0:d7:19,12:34:56:12:34:56,Trojan.Qzonit,sname
May 28 2018 08:37:55 UTC,128.143.188.123,203.205.151.50,tcp,a8:d0:e5:e0:d7:19,12:34:56:12:34:56,Trojan.Qzonit,sname
May 28 2018 08:37:55 UTC,128.143.188.123,203.205.151.50,tcp,a8:d0:e5:e0:d7:19,12:34:56:12:34:56,Trojan.Qzonit,sname
May 28 2018 08:48:06 UTC,128.143.188.120,203.205.151.50,tcp,a8:d0:e5:e0:d7:19,12:34:56:12:34:56,Trojan.Qzonit,sname
May 28 2018 08:48:06 UTC,128.143.188.120,203.205.151.50,tcp,a8:d0:e5:e0:d7:19,12:34:56:12:34:56,Trojan.Qzonit,sname
May 28 2018 08:51:36 UTC,128.143.188.120,203.205.151.50,tcp,a8:d0:e5:e0:d7:19,12:34:56:12:34:56,Trojan.Qzonit,sname
May 28 2018 08:51:36 UTC,128.143.188.120,203.205.151.50,tcp,a8:d0:e5:e0:d7:19,12:34:56:12:34:56,Trojan.Qzonit,sname
May 28 2018 08:58:17 UTC,128.143.188.120,203.205.151.50,tcp,a8:d0:e5:e0:d7:19,12:34:56:12:34:56,Trojan.Qzonit,sname
May 28 2018 08:58:17 UTC,128.143.188.120,203.205.151.50,tcp,a8:d0:e5:e0:d7:19,12:34:56:12:34:56,Trojan.Qzonit,sname
May 28 2018 09:05:03 UTC,128.143.188.120,203.205.151.50,tcp,a8:d0:e5:e0:d7:19,12:34:56:12:34:56,Trojan.Qzonit,sname
May 28 2018 09:05:03 UTC,128.143.188.120,203.205.151.50,tcp,a8:d0:e5:e0:d7:19,12:34:56:12:34:56,Trojan.Qzonit,sname
May 28 2018 09:10:01 UTC,128.143.188.120,203.205.151.50,tcp,a8:d0:e5:e0:d7:19,12:34:56:12:34:56,Trojan.Qzonit,sname
May 28 2018 09:10:01 UTC,128.143.188.120,203.205.151.50,tcp,a8:d0:e5:e0:d7:19,12:34:56:12:34:56,Trojan.Qzonit,sname
May 28 2018 09:13:31 UTC,128.143.188.120,203.205.151.50,tcp,a8:d0:e5:e0:d7:19,12:34:56:12:34:56,Trojan.Qzonit,sname
May 28 2018 09:13:31 UTC,128.143.188.120,203.205.151.50,tcp,a8:d0:e5:e0:d7:19,12:34:56:12:34:56,Trojan.Qzonit,sname
May 28 2018 09:22:15 UTC,128.143.188.120,203.205.151.50,tcp,a8:d0:e5:e0:d7:19,12:34:56:12:34:56,Trojan.Qzonit,sname
May 28 2018 09:22:15 UTC,128.143.188.120,203.205.151.50,tcp,a8:d0:e5:e0:d7:19,12:34:56:12:34:56,Trojan.Qzonit,sname
May 28 2018 09:29:22 UTC,128.143.188.120,203.205.151.50,tcp,a8:d0:e5:e0:d7:19,12:34:56:12:34:56,Trojan.Qzonit,sname
May 28 2018 09:29:22 UTC,128.143.188.120,203.205.151.50,tcp,a8:d0:e5:e0:d7:19,12:34:56:12:34:56,Trojan.Qzonit,sname
May 28 2018 09:42:54 UTC,128.143.188.120,203.205.151.50,tcp,a8:d0:e5:e0:d7:19,12:34:56:12:34:56,Trojan.Qzonit,sname
May 28 2018 09:42:54 UTC,128.143.188.120,203.205.151.50,tcp,a8:d0:e5:e0:d7:19,12:34:56:12:34:56,Trojan.Qzonit,sname
May 28 2018 09:46:24 UTC,128.143.188.120,203.205.151.50,tcp,a8:d0:e5:e0:d7:19,12:34:56:12:34:56,Trojan.Qzonit,sname
May 28 2018 09:46:24 UTC,128.143.188.120,203.205.151.50,tcp,a8:d0:e5:e0:d7:19,12:34:56:12:34:56,Trojan.Qzonit,sname
May 28 2018 09:53:04 UTC,128.143.188.120,203.205.151.50,tcp,a8:d0:e5:e0:d7:19,12:34:56:12:34:56,Trojan.Qzonit,sname
May 28 2018 09:53:04 UTC,128.143.188.120,203.205.151.50,tcp,a8:d0:e5:e0:d7:19,12:34:56:12:34:56,Trojan.Qzonit,sname
May 28 2018 09:53:13 UTC,137.54.101.1,212.61.180.100,tcp,12:34:56:12:34:56,a8:d0:e5:e1:1f:1a,Trojan.Malware.Sinkhole,sname
May 28 2018 09:53:13 UTC,137.54.101.1,212.61.180.100,tcp,12:34:56:12:34:56,a8:d0:e5:e1:1f:1a,Trojan.Malware.Sinkhole,sname
May 28 2018 09:56:43 UTC,128.143.188.120,203.205.151.50,tcp,a8:d0:e5:e0:d7:19,12:34:56:12:34:56,Trojan.Qzonit,sname
May 28 2018 09:56:43 UTC,128.143.188.120,203.205.151.50,tcp,a8:d0:e5:e0:d7:19,12:34:56:12:34:56,Trojan.Qzonit,sname
May 28 2018 10:05:09 UTC,128.143.188.120,203.205.151.50,tcp,a8:d0:e5:e0:d7:19,12:34:56:12:34:56,Trojan.Qzonit,sname
May 28 2018 10:05:09 UTC,128.143.188.120,203.205.151.50,tcp,a8:d0:e5:e0:d7:19,12:34:56:12:34:56,Trojan.Qzonit,sname
May 28 2018 10:10:05 UTC,128.143.188.120,203.205.151.50,tcp,a8:d0:e5:e0:d7:19,12:34:56:12:34:56,Trojan.Qzonit,sname
May 28 2018 10:10:05 UTC,128.143.188.120,203.205.151.50,tcp,a8:d0:e5:e0:d7:19,12:34:56:12:34:56,Trojan.Qzonit,sname
May 28 2018 10:13:16 UTC,128.143.188.120,203.205.151.50,tcp,a8:d0:e5:e0:d7:19,12:34:56:12:34:56,Trojan.Qzonit,sname
May 28 2018 10:13:16 UTC,128.143.188.120,203.205.151.50,tcp,a8:d0:e5:e0:d7:19,12:34:56:12:34:56,Trojan.Qzonit,sname
May 28 2018 10:26:42 UTC,128.143.188.120,203.205.151.50,tcp,a8:d0:e5:e0:d7:19,12:34:56:12:34:56,Trojan.Qzonit,sname
May 28 2018 10:26:42 UTC,128.143.188.120,203.205.151.50,tcp,a8:d0:e5:e0:d7:19,12:34:56:12:34:56,Trojan.Qzonit,sname
May 28 2018 10:28:28 UTC,128.143.188.120,203.205.151.50,tcp,a8:d0:e5:e0:d7:19,12:34:56:12:34:56,Trojan.Qzonit,sname
May 28 2018 10:28:28 UTC,128.143.188.120,203.205.151.50,tcp,a8:d0:e5:e0:d7:19,12:34:56:12:34:56,Trojan.Qzonit,sname
May 28 2018 10:40:14 UTC,128.143.188.120,203.205.151.50,tcp,a8:d0:e5:e0:d7:19,12:34:56:12:34:56,Trojan.Qzonit,sname
May 28 2018 10:40:14 UTC,128.143.188.120,203.205.151.50,tcp,a8:d0:e5:e0:d7:19,12:34:56:12:34:56,Trojan.Qzonit,sname
May 28 2018 10:48:49 UTC,128.143.188.120,203.205.151.50,tcp,a8:d0:e5:e0:d7:19,12:34:56:12:34:56,Trojan.Qzonit,sname
May 28 2018 10:48:49 UTC,128.143.188.120,203.205.151.50,tcp,a8:d0:e5:e0:d7:19,12:34:56:12:34:56,Trojan.Qzonit,sname
May 28 2018 10:59:06 UTC,128.143.188.120,203.205.151.50,tcp,a8:d0:e5:e0:d7:19,12:34:56:12:34:56,Trojan.Qzonit,sname
May 28 2018 10:59:06 UTC,128.143.188.120,203.205.151.50,tcp,a8:d0:e5:e0:d7:19,12:34:56:12:34:56,Trojan.Qzonit,sname
May 28 2018 11:00:51 UTC,128.143.188.120,203.205.151.50,tcp,a8:d0:e5:e0:d7:19,12:34:56:12:34:56,Trojan.Qzonit,sname
May 28 2018 11:00:51 UTC,128.143.188.120,203.205.151.50,tcp,a8:d0:e5:e0:d7:19,12:34:56:12:34:56,Trojan.Qzonit,sname
May 28 2018 11:22:39 UTC,128.143.188.120,203.205.151.50,tcp,a8:d0:e5:e0:d7:19,12:34:56:12:34:56,Trojan.Qzonit,sname
May 28 2018 11:22:39 UTC,128.143.188.120,203.205.151.50,tcp,a8:d0:e5:e0:d7:19,12:34:56:12:34:56,Trojan.Qzonit,sname
May 28 2018 11:25:32 UTC,128.143.188.120,203.205.151.50,tcp,a8:d0:e5:e0:d7:19,12:34:56:12:34:56,Trojan.Qzonit,sname
May 28 2018 11:25:32 UTC,128.143.188.120,203.205.151.50,tcp,a8:d0:e5:e0:d7:19,12:34:56:12:34:56,Trojan.Qzonit,sname
May 28 2018 11:29:02 UTC,128.143.188.120,203.205.151.50,tcp,a8:d0:e5:e0:d7:19,12:34:56:12:34:56,Trojan.Qzonit,sname
May 28 2018 11:29:02 UTC,128.143.188.120,203.205.151.50,tcp,a8:d0:e5:e0:d7:19,12:34:56:12:34:56,Trojan.Qzonit,sname
May 28 2018 11:35:51 UTC,128.143.188.120,203.205.151.50,tcp,a8:d0:e5:e0:d7:19,12:34:56:12:34:56,Trojan.Qzonit,sname
May 28 2018 11:35:51 UTC,128.143.188.120,203.205.151.50,tcp,a8:d0:e5:e0:d7:19,12:34:56:12:34:56,Trojan.Qzonit,sname
May 28 2018 11:46:23 UTC,128.143.188.120,203.205.151.50,tcp,a8:d0:e5:e0:d7:19,12:34:56:12:34:56,Trojan.Qzonit,sname
May 28 2018 11:46:23 UTC,128.143.188.120,203.205.151.50,tcp,a8:d0:e5:e0:d7:19,12:34:56:12:34:56,Trojan.Qzonit,sname
May 28 2018 11:49:52 UTC,128.143.188.120,203.205.151.50,tcp,a8:d0:e5:e0:d7:19,12:34:56:12:34:56,Trojan.Qzonit,sname
May 28 2018 11:49:52 UTC,128.143.188.120,203.205.151.50,tcp,a8:d0:e5:e0:d7:19,12:34:56:12:34:56,Trojan.Qzonit,sname
May 28 2018 12:05:25 UTC,128.143.188.120,203.205.151.50,tcp,a8:d0:e5:e0:d7:19,12:34:56:12:34:56,Trojan.Qzonit,sname
May 28 2018 12:05:25 UTC,128.143.188.120,203.205.151.50,tcp,a8:d0:e5:e0:d7:19,12:34:56:12:34:56,Trojan.Qzonit,sname
May 28 2018 12:12:25 UTC,128.143.188.120,203.205.151.50,tcp,a8:d0:e5:e0:d7:19,12:34:56:12:34:56,Trojan.Qzonit,sname
May 28 2018 12:12:25 UTC,128.143.188.120,203.205.151.50,tcp,a8:d0:e5:e0:d7:19,12:34:56:12:34:56,Trojan.Qzonit,sname
May 28 2018 12:17:40 UTC,128.143.188.120,203.205.151.50,tcp,a8:d0:e5:e0:d7:19,12:34:56:12:34:56,Trojan.Qzonit,sname
May 28 2018 12:17:40 UTC,128.143.188.120,203.205.151.50,tcp,a8:d0:e5:e0:d7:19,12:34:56:12:34:56,Trojan.Qzonit,sname
May 28 2018 12:19:25 UTC,128.143.188.120,203.205.151.50,tcp,a8:d0:e5:e0:d7:19,12:34:56:12:34:56,Trojan.Qzonit,sname
May 28 2018 12:19:25 UTC,128.143.188.120,203.205.151.50,tcp,a8:d0:e5:e0:d7:19,12:34:56:12:34:56,Trojan.Qzonit,sname
May 28 2018 12:35:28 UTC,128.143.188.120,203.205.151.50,tcp,a8:d0:e5:e0:d7:19,12:34:56:12:34:56,Trojan.Qzonit,sname
May 28 2018 12:35:28 UTC,128.143.188.120,203.205.151.50,tcp,a8:d0:e5:e0:d7:19,12:34:56:12:34:56,Trojan.Qzonit,sname
May 28 2018 12:37:14 UTC,128.143.188.120,203.205.151.50,tcp,a8:d0:e5:e0:d7:19,12:34:56:12:34:56,Trojan.Qzonit,sname
May 28 2018 12:37:14 UTC,128.143.188.120,203.205.151.50,tcp,a8:d0:e5:e0:d7:19,12:34:56:12:34:56,Trojan.Qzonit,sname
May 28 2018 12:47:44 UTC,128.143.188.120,203.205.151.50,tcp,a8:d0:e5:e0:d7:19,12:34:56:12:34:56,Trojan.Qzonit,sname
May 28 2018 12:47:44 UTC,128.143.188.120,203.205.151.50,tcp,a8:d0:e5:e0:d7:19,12:34:56:12:34:56,Trojan.Qzonit,sname
May 28 2018 12:51:15 UTC,128.143.188.120,203.205.151.50,tcp,a8:d0:e5:e0:d7:19,12:34:56:12:34:56,Trojan.Qzonit,sname
May 28 2018 12:51:15 UTC,128.143.188.120,203.205.151.50,tcp,a8:d0:e5:e0:d7:19,12:34:56:12:34:56,Trojan.Qzonit,sname
May 28 2018 13:03:38 UTC,128.143.188.120,203.205.151.50,tcp,a8:d0:e5:e0:d7:19,12:34:56:12:34:56,Trojan.Qzonit,sname
May 28 2018 13:03:38 UTC,128.143.188.120,203.205.151.50,tcp,a8:d0:e5:e0:d7:19,12:34:56:12:34:56,Trojan.Qzonit,sname
May 28 2018 13:08:55 UTC,128.143.188.120,203.205.151.50,tcp,a8:d0:e5:e0:d7:19,12:34:56:12:34:56,Trojan.Qzonit,sname
May 28 2018 13:08:55 UTC,128.143.188.120,203.205.151.50,tcp,a8:d0:e5:e0:d7:19,12:34:56:12:34:56,Trojan.Qzonit,sname
May 28 2018 13:19:06 UTC,128.143.188.120,203.205.151.50,tcp,a8:d0:e5:e0:d7:19,12:34:56:12:34:56,Trojan.Qzonit,sname
May 28 2018 13:19:06 UTC,128.143.188.120,203.205.151.50,tcp,a8:d0:e5:e0:d7:19,12:34:56:12:34:56,Trojan.Qzonit,sname
May 28 2018 13:20:51 UTC,128.143.188.120,203.205.151.50,tcp,a8:d0:e5:e0:d7:19,12:34:56:12:34:56,Trojan.Qzonit,sname
May 28 2018 13:20:51 UTC,128.143.188.120,203.205.151.50,tcp,a8:d0:e5:e0:d7:19,12:34:56:12:34:56,Trojan.Qzonit,sname
May 28 2018 13:24:20 UTC,128.143.188.120,203.205.151.50,tcp,a8:d0:e5:e0:d7:19,12:34:56:12:34:56,Trojan.Qzonit,sname
May 28 2018 13:24:20 UTC,128.143.188.120,203.205.151.50,tcp,a8:d0:e5:e0:d7:19,12:34:56:12:34:56,Trojan.Qzonit,sname
May 28 2018 13:34:59 UTC,128.143.188.120,203.205.151.50,tcp,a8:d0:e5:e0:d7:19,12:34:56:12:34:56,Trojan.Qzonit,sname
May 28 2018 13:34:59 UTC,128.143.188.120,203.205.151.50,tcp,a8:d0:e5:e0:d7:19,12:34:56:12:34:56,Trojan.Qzonit,sname
May 28 2018 13:40:14 UTC,128.143.188.120,203.205.151.50,tcp,a8:d0:e5:e0:d7:19,12:34:56:12:34:56,Trojan.Qzonit,sname
May 28 2018 13:40:14 UTC,128.143.188.120,203.205.151.50,tcp,a8:d0:e5:e0:d7:19,12:34:56:12:34:56,Trojan.Qzonit,sname
May 28 2018 13:46:55 UTC,128.143.188.120,203.205.151.50,tcp,a8:d0:e5:e0:d7:19,12:34:56:12:34:56,Trojan.Qzonit,sname
May 28 2018 13:46:55 UTC,128.143.188.120,203.205.151.50,tcp,a8:d0:e5:e0:d7:19,12:34:56:12:34:56,Trojan.Qzonit,sname
May 28 2018 14:00:54 UTC,128.143.188.120,203.205.151.50,tcp,a8:d0:e5:e0:d7:19,12:34:56:12:34:56,Trojan.Qzonit,sname
May 28 2018 14:00:54 UTC,128.143.188.120,203.205.151.50,tcp,a8:d0:e5:e0:d7:19,12:34:56:12:34:56,Trojan.Qzonit,sname
May 28 2018 14:06:08 UTC,128.143.188.120,203.205.151.50,tcp,a8:d0:e5:e0:d7:19,12:34:56:12:34:56,Trojan.Qzonit,sname
May 28 2018 14:06:08 UTC,128.143.188.120,203.205.151.50,tcp,a8:d0:e5:e0:d7:19,12:34:56:12:34:56,Trojan.Qzonit,sname
May 28 2018 14:07:53 UTC,128.143.188.120,203.205.151.50,tcp,a8:d0:e5:e0:d7:19,12:34:56:12:34:56,Trojan.Qzonit,sname
May 28 2018 14:07:53 UTC,128.143.188.120,203.205.151.50,tcp,a8:d0:e5:e0:d7:19,12:34:56:12:34:56,Trojan.Qzonit,sname
May 28 2018 14:11:23 UTC,128.143.188.120,203.205.151.50,tcp,a8:d0:e5:e0:d7:19,12:34:56:12:34:56,Trojan.Qzonit,sname
May 28 2018 14:11:23 UTC,128.143.188.120,203.205.151.50,tcp,a8:d0:e5:e0:d7:19,12:34:56:12:34:56,Trojan.Qzonit,sname
May 28 2018 14:18:04 UTC,128.143.188.120,203.205.151.50,tcp,a8:d0:e5:e0:d7:19,12:34:56:12:34:56,Trojan.Qzonit,sname
May 28 2018 14:18:04 UTC,128.143.188.120,203.205.151.50,tcp,a8:d0:e5:e0:d7:19,12:34:56:12:34:56,Trojan.Qzonit,sname
May 28 2018 14:25:04 UTC,128.143.188.120,203.205.151.50,tcp,a8:d0:e5:e0:d7:19,12:34:56:12:34:56,Trojan.Qzonit,sname
May 28 2018 14:25:04 UTC,128.143.188.120,203.205.151.50,tcp,a8:d0:e5:e0:d7:19,12:34:56:12:34:56,Trojan.Qzonit,sname
May 28 2018 14:33:18 UTC,128.143.188.120,203.205.151.50,tcp,a8:d0:e5:e0:d7:19,12:34:56:12:34:56,Trojan.Qzonit,sname
May 28 2018 14:33:18 UTC,128.143.188.120,203.205.151.50,tcp,a8:d0:e5:e0:d7:19,12:34:56:12:34:56,Trojan.Qzonit,sname
May 28 2018 14:35:03 UTC,128.143.188.120,203.205.151.50,tcp,a8:d0:e5:e0:d7:19,12:34:56:12:34:56,Trojan.Qzonit,sname
May 28 2018 14:35:03 UTC,128.143.188.120,203.205.151.50,tcp,a8:d0:e5:e0:d7:19,12:34:56:12:34:56,Trojan.Qzonit,sname
May 28 2018 14:38:32 UTC,128.143.188.120,203.205.151.50,tcp,a8:d0:e5:e0:d7:19,12:34:56:12:34:56,Trojan.Qzonit,sname
May 28 2018 14:38:32 UTC,128.143.188.120,203.205.151.50,tcp,a8:d0:e5:e0:d7:19,12:34:56:12:34:56,Trojan.Qzonit,sname
May 28 2018 14:43:50 UTC,128.143.188.120,203.205.151.50,tcp,a8:d0:e5:e0:d7:19,12:34:56:12:34:56,Trojan.Qzonit,sname
May 28 2018 14:43:50 UTC,128.143.188.120,203.205.151.50,tcp,a8:d0:e5:e0:d7:19,12:34:56:12:34:56,Trojan.Qzonit,sname
May 28 2018 14:58:45 UTC,128.143.188.120,203.205.151.50,tcp,a8:d0:e5:e0:d7:19,12:34:56:12:34:56,Trojan.Qzonit,sname
May 28 2018 14:58:45 UTC,128.143.188.120,203.205.151.50,tcp,a8:d0:e5:e0:d7:19,12:34:56:12:34:56,Trojan.Qzonit,sname
May 28 2018 15:02:15 UTC,128.143.188.120,203.205.151.50,tcp,a8:d0:e5:e0:d7:19,12:34:56:12:34:56,Trojan.Qzonit,sname
May 28 2018 15:02:15 UTC,128.143.188.120,203.205.151.50,tcp,a8:d0:e5:e0:d7:19,12:34:56:12:34:56,Trojan.Qzonit,sname
May 28 2018 15:16:05 UTC,128.143.188.120,203.205.151.50,tcp,a8:d0:e5:e0:d7:19,12:34:56:12:34:56,Trojan.Qzonit,sname
May 28 2018 15:16:05 UTC,128.143.188.120,203.205.151.50,tcp,a8:d0:e5:e0:d7:19,12:34:56:12:34:56,Trojan.Qzonit,sname
May 28 2018 15:17:50 UTC,128.143.188.123,203.205.151.50,tcp,a8:d0:e5:e0:d7:19,12:34:56:12:34:56,Trojan.Qzonit,sname
May 28 2018 15:17:50 UTC,128.143.188.123,203.205.151.50,tcp,a8:d0:e5:e0:d7:19,12:34:56:12:34:56,Trojan.Qzonit,sname
May 28 2018 15:19:34 UTC,128.143.188.120,203.205.151.50,tcp,a8:d0:e5:e0:d7:19,12:34:56:12:34:56,Trojan.Qzonit,sname
May 28 2018 15:19:34 UTC,128.143.188.120,203.205.151.50,tcp,a8:d0:e5:e0:d7:19,12:34:56:12:34:56,Trojan.Qzonit,sname
May 28 2018 15:46:25 UTC,128.143.188.120,203.205.151.50,tcp,a8:d0:e5:e0:d7:19,12:34:56:12:34:56,Trojan.Qzonit,sname
May 28 2018 15:46:25 UTC,128.143.188.120,203.205.151.50,tcp,a8:d0:e5:e0:d7:19,12:34:56:12:34:56,Trojan.Qzonit,sname
May 28 2018 15:49:36 UTC,128.143.188.120,203.205.151.50,tcp,a8:d0:e5:e0:d7:19,12:34:56:12:34:56,Trojan.Qzonit,sname
May 28 2018 15:49:36 UTC,128.143.188.120,203.205.151.50,tcp,a8:d0:e5:e0:d7:19,12:34:56:12:34:56,Trojan.Qzonit,sname
May 28 2018 15:53:06 UTC,128.143.188.120,203.205.151.50,tcp,a8:d0:e5:e0:d7:19,12:34:56:12:34:56,Trojan.Qzonit,sname
May 28 2018 15:53:06 UTC,128.143.188.120,203.205.151.50,tcp,a8:d0:e5:e0:d7:19,12:34:56:12:34:56,Trojan.Qzonit,sname
May 28 2018 15:59:35 UTC,128.143.188.120,203.205.151.50,tcp,a8:d0:e5:e0:d7:19,12:34:56:12:34:56,Trojan.Qzonit,sname
May 28 2018 15:59:35 UTC,128.143.188.120,203.205.151.50,tcp,a8:d0:e5:e0:d7:19,12:34:56:12:34:56,Trojan.Qzonit,sname
May 28 2018 16:06:16 UTC,128.143.188.120,203.205.151.50,tcp,a8:d0:e5:e0:d7:19,12:34:56:12:34:56,Trojan.Qzonit,sname
May 28 2018 16:06:16 UTC,128.143.188.120,203.205.151.50,tcp,a8:d0:e5:e0:d7:19,12:34:56:12:34:56,Trojan.Qzonit,sname
May 28 2018 16:08:01 UTC,128.143.188.120,203.205.151.50,tcp,a8:d0:e5:e0:d7:19,12:34:56:12:34:56,Trojan.Qzonit,sname
May 28 2018 16:08:01 UTC,128.143.188.120,203.205.151.50,tcp,a8:d0:e5:e0:d7:19,12:34:56:12:34:56,Trojan.Qzonit,sname
May 28 2018 16:16:08 UTC,128.143.188.120,203.205.151.50,tcp,a8:d0:e5:e0:d7:19,12:34:56:12:34:56,Trojan.Qzonit,sname
May 28 2018 16:16:08 UTC,128.143.188.120,203.205.151.50,tcp,a8:d0:e5:e0:d7:19,12:34:56:12:34:56,Trojan.Qzonit,sname
May 28 2018 16:31:36 UTC,128.143.188.120,203.205.151.50,tcp,a8:d0:e5:e0:d7:19,12:34:56:12:34:56,Trojan.Qzonit,sname
May 28 2018 16:31:36 UTC,128.143.188.120,203.205.151.50,tcp,a8:d0:e5:e0:d7:19,12:34:56:12:34:56,Trojan.Qzonit,sname
May 28 2018 16:38:36 UTC,128.143.188.120,203.205.151.50,tcp,a8:d0:e5:e0:d7:19,12:34:56:12:34:56,Trojan.Qzonit,sname
May 28 2018 16:38:36 UTC,128.143.188.120,203.205.151.50,tcp,a8:d0:e5:e0:d7:19,12:34:56:12:34:56,Trojan.Qzonit,sname
May 28 2018 16:43:51 UTC,128.143.188.120,203.205.151.50,tcp,a8:d0:e5:e0:d7:19,12:34:56:12:34:56,Trojan.Qzonit,sname
May 28 2018 16:43:51 UTC,128.143.188.120,203.205.151.50,tcp,a8:d0:e5:e0:d7:19,12:34:56:12:34:56,Trojan.Qzonit,sname
May 28 2018 16:47:20 UTC,128.143.188.120,203.205.151.50,tcp,a8:d0:e5:e0:d7:19,12:34:56:12:34:56,Trojan.Qzonit,sname
May 28 2018 16:47:20 UTC,128.143.188.120,203.205.151.50,tcp,a8:d0:e5:e0:d7:19,12:34:56:12:34:56,Trojan.Qzonit,sname
May 28 2018 17:00:06 UTC,137.54.72.190,212.61.180.100,tcp,12:34:56:12:34:56,a8:d0:e5:e1:1f:1a,Trojan.Malware.Sinkhole,sname
May 28 2018 17:00:06 UTC,137.54.72.190,212.61.180.100,tcp,12:34:56:12:34:56,a8:d0:e5:e1:1f:1a,Trojan.Malware.Sinkhole,sname
May 28 2018 17:09:06 UTC,128.143.188.123,203.205.151.50,tcp,a8:d0:e5:e0:d7:19,12:34:56:12:34:56,Trojan.Qzonit,sname
May 28 2018 17:09:06 UTC,128.143.188.123,203.205.151.50,tcp,a8:d0:e5:e0:d7:19,12:34:56:12:34:56,Trojan.Qzonit,sname
May 28 2018 17:14:21 UTC,128.143.188.120,203.205.151.50,tcp,a8:d0:e5:e0:d7:19,12:34:56:12:34:56,Trojan.Qzonit,sname
May 28 2018 17:14:21 UTC,128.143.188.120,203.205.151.50,tcp,a8:d0:e5:e0:d7:19,12:34:56:12:34:56,Trojan.Qzonit,sname
May 28 2018 17:23:06 UTC,128.143.188.120,203.205.151.50,tcp,a8:d0:e5:e0:d7:19,12:34:56:12:34:56,Trojan.Qzonit,sname
May 28 2018 17:23:06 UTC,128.143.188.120,203.205.151.50,tcp,a8:d0:e5:e0:d7:19,12:34:56:12:34:56,Trojan.Qzonit,sname
May 28 2018 17:24:31 UTC,128.143.188.120,203.205.151.50,tcp,a8:d0:e5:e0:d7:19,12:34:56:12:34:56,Trojan.Qzonit,sname
May 28 2018 17:24:31 UTC,128.143.188.120,203.205.151.50,tcp,a8:d0:e5:e0:d7:19,12:34:56:12:34:56,Trojan.Qzonit,sname
May 28 2018 17:26:16 UTC,128.143.188.120,203.205.151.50,tcp,a8:d0:e5:e0:d7:19,12:34:56:12:34:56,Trojan.Qzonit,sname
May 28 2018 17:26:16 UTC,128.143.188.120,203.205.151.50,tcp,a8:d0:e5:e0:d7:19,12:34:56:12:34:56,Trojan.Qzonit,sname
May 28 2018 17:31:26 UTC,128.143.188.120,203.205.151.50,tcp,a8:d0:e5:e0:d7:19,12:34:56:12:34:56,Trojan.Qzonit,sname
May 28 2018 17:31:26 UTC,128.143.188.120,203.205.151.50,tcp,a8:d0:e5:e0:d7:19,12:34:56:12:34:56,Trojan.Qzonit,sname
May 28 2018 17:41:55 UTC,128.143.188.120,203.205.151.50,tcp,a8:d0:e5:e0:d7:19,12:34:56:12:34:56,Trojan.Qzonit,sname
May 28 2018 17:41:55 UTC,128.143.188.120,203.205.151.50,tcp,a8:d0:e5:e0:d7:19,12:34:56:12:34:56,Trojan.Qzonit,sname
May 28 2018 17:43:39 UTC,128.143.188.120,203.205.151.50,tcp,a8:d0:e5:e0:d7:19,12:34:56:12:34:56,Trojan.Qzonit,sname
May 28 2018 17:43:39 UTC,128.143.188.120,203.205.151.50,tcp,a8:d0:e5:e0:d7:19,12:34:56:12:34:56,Trojan.Qzonit,sname
May 28 2018 17:50:27 UTC,128.143.188.120,203.205.151.50,tcp,a8:d0:e5:e0:d7:19,12:34:56:12:34:56,Trojan.Qzonit,sname
May 28 2018 17:50:27 UTC,128.143.188.120,203.205.151.50,tcp,a8:d0:e5:e0:d7:19,12:34:56:12:34:56,Trojan.Qzonit,sname
May 28 2018 17:55:23 UTC,128.143.188.120,203.205.151.50,tcp,a8:d0:e5:e0:d7:19,12:34:56:12:34:56,Trojan.Qzonit,sname
May 28 2018 17:55:23 UTC,128.143.188.120,203.205.151.50,tcp,a8:d0:e5:e0:d7:19,12:34:56:12:34:56,Trojan.Qzonit,sname
May 28 2018 17:58:37 UTC,128.143.188.120,203.205.151.50,tcp,a8:d0:e5:e0:d7:19,12:34:56:12:34:56,Trojan.Qzonit,sname
May 28 2018 17:58:37 UTC,128.143.188.120,203.205.151.50,tcp,a8:d0:e5:e0:d7:19,12:34:56:12:34:56,Trojan.Qzonit,sname
May 28 2018 18:02:07 UTC,128.143.188.120,203.205.151.50,tcp,a8:d0:e5:e0:d7:19,12:34:56:12:34:56,Trojan.Qzonit,sname
May 28 2018 18:02:07 UTC,128.143.188.120,203.205.151.50,tcp,a8:d0:e5:e0:d7:19,12:34:56:12:34:56,Trojan.Qzonit,sname
May 28 2018 18:03:52 UTC,128.143.188.120,203.205.151.50,tcp,a8:d0:e5:e0:d7:19,12:34:56:12:34:56,Trojan.Qzonit,sname
May 28 2018 18:03:52 UTC,128.143.188.120,203.205.151.50,tcp,a8:d0:e5:e0:d7:19,12:34:56:12:34:56,Trojan.Qzonit,sname
May 28 2018 18:07:22 UTC,128.143.188.120,203.205.151.50,tcp,a8:d0:e5:e0:d7:19,12:34:56:12:34:56,Trojan.Qzonit,sname
May 28 2018 18:07:22 UTC,128.143.188.120,203.205.151.50,tcp,a8:d0:e5:e0:d7:19,12:34:56:12:34:56,Trojan.Qzonit,sname
May 28 2018 18:22:52 UTC,128.143.188.120,203.205.151.50,tcp,a8:d0:e5:e0:d7:19,12:34:56:12:34:56,Trojan.Qzonit,sname
May 28 2018 18:22:52 UTC,128.143.188.120,203.205.151.50,tcp,a8:d0:e5:e0:d7:19,12:34:56:12:34:56,Trojan.Qzonit,sname
May 28 2018 18:31:37 UTC,128.143.188.123,203.205.151.50,tcp,a8:d0:e5:e0:d7:19,12:34:56:12:34:56,Trojan.Qzonit,sname
May 28 2018 18:31:37 UTC,128.143.188.123,203.205.151.50,tcp,a8:d0:e5:e0:d7:19,12:34:56:12:34:56,Trojan.Qzonit,sname
May 28 2018 18:34:55 UTC,128.143.188.120,203.205.151.50,tcp,a8:d0:e5:e0:d7:19,12:34:56:12:34:56,Trojan.Qzonit,sname
May 28 2018 18:34:55 UTC,128.143.188.120,203.205.151.50,tcp,a8:d0:e5:e0:d7:19,12:34:56:12:34:56,Trojan.Qzonit,sname
May 28 2018 18:36:40 UTC,128.143.188.120,203.205.151.50,tcp,a8:d0:e5:e0:d7:19,12:34:56:12:34:56,Trojan.Qzonit,sname
May 28 2018 18:36:40 UTC,128.143.188.120,203.205.151.50,tcp,a8:d0:e5:e0:d7:19,12:34:56:12:34:56,Trojan.Qzonit,sname
May 28 2018 18:38:24 UTC,128.143.188.120,203.205.151.50,tcp,a8:d0:e5:e0:d7:19,12:34:56:12:34:56,Trojan.Qzonit,sname
May 28 2018 18:38:24 UTC,128.143.188.120,203.205.151.50,tcp,a8:d0:e5:e0:d7:19,12:34:56:12:34:56,Trojan.Qzonit,sname
May 28 2018 18:41:16 UTC,128.143.188.120,203.205.151.50,tcp,a8:d0:e5:e0:d7:19,12:34:56:12:34:56,Trojan.Qzonit,sname
May 28 2018 18:41:16 UTC,128.143.188.120,203.205.151.50,tcp,a8:d0:e5:e0:d7:19,12:34:56:12:34:56,Trojan.Qzonit,sname
May 28 2018 18:53:12 UTC,128.143.188.120,203.205.151.50,tcp,a8:d0:e5:e0:d7:19,12:34:56:12:34:56,Trojan.Qzonit,sname
May 28 2018 18:53:12 UTC,128.143.188.120,203.205.151.50,tcp,a8:d0:e5:e0:d7:19,12:34:56:12:34:56,Trojan.Qzonit,sname
May 28 2018 18:58:07 UTC,128.143.188.120,203.205.151.50,tcp,a8:d0:e5:e0:d7:19,12:34:56:12:34:56,Trojan.Qzonit,sname
May 28 2018 18:58:07 UTC,128.143.188.120,203.205.151.50,tcp,a8:d0:e5:e0:d7:19,12:34:56:12:34:56,Trojan.Qzonit,sname
May 28 2018 18:59:52 UTC,128.143.188.120,203.205.151.50,tcp,a8:d0:e5:e0:d7:19,12:34:56:12:34:56,Trojan.Qzonit,sname
May 28 2018 18:59:52 UTC,128.143.188.120,203.205.151.50,tcp,a8:d0:e5:e0:d7:19,12:34:56:12:34:56,Trojan.Qzonit,sname
May 28 2018 19:03:21 UTC,128.143.188.120,203.205.151.50,tcp,a8:d0:e5:e0:d7:19,12:34:56:12:34:56,Trojan.Qzonit,sname
May 28 2018 19:03:21 UTC,128.143.188.120,203.205.151.50,tcp,a8:d0:e5:e0:d7:19,12:34:56:12:34:56,Trojan.Qzonit,sname
May 28 2018 19:10:02 UTC,128.143.188.120,203.205.151.50,tcp,a8:d0:e5:e0:d7:19,12:34:56:12:34:56,Trojan.Qzonit,sname
May 28 2018 19:10:02 UTC,128.143.188.120,203.205.151.50,tcp,a8:d0:e5:e0:d7:19,12:34:56:12:34:56,Trojan.Qzonit,sname
May 28 2018 19:13:13 UTC,128.143.188.120,203.205.151.50,tcp,a8:d0:e5:e0:d7:19,12:34:56:12:34:56,Trojan.Qzonit,sname
May 28 2018 19:13:13 UTC,128.143.188.120,203.205.151.50,tcp,a8:d0:e5:e0:d7:19,12:34:56:12:34:56,Trojan.Qzonit,sname
May 28 2018 19:21:21 UTC,128.143.188.120,203.205.151.50,tcp,a8:d0:e5:e0:d7:19,12:34:56:12:34:56,Trojan.Qzonit,sname
May 28 2018 19:21:21 UTC,128.143.188.120,203.205.151.50,tcp,a8:d0:e5:e0:d7:19,12:34:56:12:34:56,Trojan.Qzonit,sname
May 28 2018 19:23:06 UTC,128.143.188.120,203.205.151.50,tcp,a8:d0:e5:e0:d7:19,12:34:56:12:34:56,Trojan.Qzonit,sname
May 28 2018 19:23:06 UTC,128.143.188.120,203.205.151.50,tcp,a8:d0:e5:e0:d7:19,12:34:56:12:34:56,Trojan.Qzonit,sname
May 28 2018 19:28:21 UTC,128.143.188.120,203.205.151.50,tcp,a8:d0:e5:e0:d7:19,12:34:56:12:34:56,Trojan.Qzonit,sname
May 28 2018 19:28:21 UTC,128.143.188.120,203.205.151.50,tcp,a8:d0:e5:e0:d7:19,12:34:56:12:34:56,Trojan.Qzonit,sname
May 28 2018 19:33:35 UTC,128.143.188.120,203.205.151.50,tcp,a8:d0:e5:e0:d7:19,12:34:56:12:34:56,Trojan.Qzonit,sname
May 28 2018 19:33:35 UTC,128.143.188.120,203.205.151.50,tcp,a8:d0:e5:e0:d7:19,12:34:56:12:34:56,Trojan.Qzonit,sname
May 28 2018 19:45:16 UTC,128.143.188.120,203.205.151.50,tcp,a8:d0:e5:e0:d7:19,12:34:56:12:34:56,Trojan.Qzonit,sname
May 28 2018 19:45:16 UTC,128.143.188.120,203.205.151.50,tcp,a8:d0:e5:e0:d7:19,12:34:56:12:34:56,Trojan.Qzonit,sname
May 28 2018 19:47:01 UTC,128.143.188.120,203.205.151.50,tcp,a8:d0:e5:e0:d7:19,12:34:56:12:34:56,Trojan.Qzonit,sname
May 28 2018 19:47:01 UTC,128.143.188.120,203.205.151.50,tcp,a8:d0:e5:e0:d7:19,12:34:56:12:34:56,Trojan.Qzonit,sname
May 28 2018 19:53:21 UTC,128.143.188.120,203.205.151.50,tcp,a8:d0:e5:e0:d7:19,12:34:56:12:34:56,Trojan.Qzonit,sname
May 28 2018 19:53:21 UTC,128.143.188.120,203.205.151.50,tcp,a8:d0:e5:e0:d7:19,12:34:56:12:34:56,Trojan.Qzonit,sname
May 28 2018 20:05:29 UTC,128.143.188.120,203.205.151.50,tcp,a8:d0:e5:e0:d7:19,12:34:56:12:34:56,Trojan.Qzonit,sname
May 28 2018 20:05:29 UTC,128.143.188.120,203.205.151.50,tcp,a8:d0:e5:e0:d7:19,12:34:56:12:34:56,Trojan.Qzonit,sname
May 28 2018 20:07:14 UTC,128.143.188.120,203.205.151.50,tcp,a8:d0:e5:e0:d7:19,12:34:56:12:34:56,Trojan.Qzonit,sname
May 28 2018 20:07:14 UTC,128.143.188.120,203.205.151.50,tcp,a8:d0:e5:e0:d7:19,12:34:56:12:34:56,Trojan.Qzonit,sname
May 28 2018 20:17:26 UTC,128.143.188.120,203.205.151.50,tcp,a8:d0:e5:e0:d7:19,12:34:56:12:34:56,Trojan.Qzonit,sname
May 28 2018 20:17:26 UTC,128.143.188.120,203.205.151.50,tcp,a8:d0:e5:e0:d7:19,12:34:56:12:34:56,Trojan.Qzonit,sname
May 28 2018 20:20:56 UTC,128.143.188.120,203.205.151.50,tcp,a8:d0:e5:e0:d7:19,12:34:56:12:34:56,Trojan.Qzonit,sname
May 28 2018 20:20:56 UTC,128.143.188.120,203.205.151.50,tcp,a8:d0:e5:e0:d7:19,12:34:56:12:34:56,Trojan.Qzonit,sname
May 28 2018 20:25:32 UTC,128.143.188.120,203.205.151.50,tcp,a8:d0:e5:e0:d7:19,12:34:56:12:34:56,Trojan.Qzonit,sname
May 28 2018 20:25:32 UTC,128.143.188.120,203.205.151.50,tcp,a8:d0:e5:e0:d7:19,12:34:56:12:34:56,Trojan.Qzonit,sname
May 28 2018 20:38:54 UTC,128.143.188.120,203.205.151.50,tcp,a8:d0:e5:e0:d7:19,12:34:56:12:34:56,Trojan.Qzonit,sname
May 28 2018 20:38:54 UTC,128.143.188.120,203.205.151.50,tcp,a8:d0:e5:e0:d7:19,12:34:56:12:34:56,Trojan.Qzonit,sname
May 28 2018 20:51:09 UTC,128.143.188.120,203.205.151.50,tcp,a8:d0:e5:e0:d7:19,12:34:56:12:34:56,Trojan.Qzonit,sname
May 28 2018 20:51:09 UTC,128.143.188.120,203.205.151.50,tcp,a8:d0:e5:e0:d7:19,12:34:56:12:34:56,Trojan.Qzonit,sname
May 28 2018 21:11:49 UTC,128.143.188.120,203.205.151.50,tcp,a8:d0:e5:e0:d7:19,12:34:56:12:34:56,Trojan.Qzonit,sname
May 28 2018 21:11:49 UTC,128.143.188.120,203.205.151.50,tcp,a8:d0:e5:e0:d7:19,12:34:56:12:34:56,Trojan.Qzonit,sname
May 28 2018 21:13:17 UTC,128.143.188.120,203.205.151.50,tcp,a8:d0:e5:e0:d7:19,12:34:56:12:34:56,Trojan.Qzonit,sname
May 28 2018 21:13:17 UTC,128.143.188.120,203.205.151.50,tcp,a8:d0:e5:e0:d7:19,12:34:56:12:34:56,Trojan.Qzonit,sname
May 28 2018 21:16:53 UTC,128.143.188.120,203.205.151.50,tcp,a8:d0:e5:e0:d7:19,12:34:56:12:34:56,Trojan.Qzonit,sname
May 28 2018 21:16:53 UTC,128.143.188.120,203.205.151.50,tcp,a8:d0:e5:e0:d7:19,12:34:56:12:34:56,Trojan.Qzonit,sname
May 28 2018 21:18:38 UTC,128.143.188.120,203.205.151.50,tcp,a8:d0:e5:e0:d7:19,12:34:56:12:34:56,Trojan.Qzonit,sname
May 28 2018 21:18:38 UTC,128.143.188.120,203.205.151.50,tcp,a8:d0:e5:e0:d7:19,12:34:56:12:34:56,Trojan.Qzonit,sname
May 28 2018 21:21:48 UTC,128.143.188.120,203.205.151.50,tcp,a8:d0:e5:e0:d7:19,12:34:56:12:34:56,Trojan.Qzonit,sname
May 28 2018 21:21:48 UTC,128.143.188.120,203.205.151.50,tcp,a8:d0:e5:e0:d7:19,12:34:56:12:34:56,Trojan.Qzonit,sname
May 28 2018 21:24:40 UTC,128.143.188.120,203.205.151.50,tcp,a8:d0:e5:e0:d7:19,12:34:56:12:34:56,Trojan.Qzonit,sname
May 28 2018 21:24:40 UTC,128.143.188.120,203.205.151.50,tcp,a8:d0:e5:e0:d7:19,12:34:56:12:34:56,Trojan.Qzonit,sname
May 28 2018 21:32:53 UTC,128.143.188.120,203.205.151.50,tcp,a8:d0:e5:e0:d7:19,12:34:56:12:34:56,Trojan.Qzonit,sname
May 28 2018 21:32:53 UTC,128.143.188.120,203.205.151.50,tcp,a8:d0:e5:e0:d7:19,12:34:56:12:34:56,Trojan.Qzonit,sname
May 28 2018 21:44:29 UTC,128.143.188.120,203.205.151.50,tcp,a8:d0:e5:e0:d7:19,12:34:56:12:34:56,Trojan.Qzonit,sname
May 28 2018 21:44:29 UTC,128.143.188.120,203.205.151.50,tcp,a8:d0:e5:e0:d7:19,12:34:56:12:34:56,Trojan.Qzonit,sname
May 28 2018 21:53:06 UTC,128.143.188.120,203.205.151.50,tcp,a8:d0:e5:e0:d7:19,12:34:56:12:34:56,Trojan.Qzonit,sname
May 28 2018 21:53:06 UTC,128.143.188.120,203.205.151.50,tcp,a8:d0:e5:e0:d7:19,12:34:56:12:34:56,Trojan.Qzonit,sname
May 28 2018 21:58:02 UTC,128.143.188.120,203.205.151.50,tcp,a8:d0:e5:e0:d7:19,12:34:56:12:34:56,Trojan.Qzonit,sname
May 28 2018 21:58:02 UTC,128.143.188.120,203.205.151.50,tcp,a8:d0:e5:e0:d7:19,12:34:56:12:34:56,Trojan.Qzonit,sname
May 28 2018 21:59:46 UTC,128.143.188.120,203.205.151.50,tcp,a8:d0:e5:e0:d7:19,12:34:56:12:34:56,Trojan.Qzonit,sname
May 28 2018 21:59:46 UTC,128.143.188.120,203.205.151.50,tcp,a8:d0:e5:e0:d7:19,12:34:56:12:34:56,Trojan.Qzonit,sname
May 28 2018 22:08:12 UTC,128.143.188.120,203.205.151.50,tcp,a8:d0:e5:e0:d7:19,12:34:56:12:34:56,Trojan.Qzonit,sname
May 28 2018 22:08:12 UTC,128.143.188.120,203.205.151.50,tcp,a8:d0:e5:e0:d7:19,12:34:56:12:34:56,Trojan.Qzonit,sname
May 28 2018 22:15:12 UTC,128.143.188.120,203.205.151.50,tcp,a8:d0:e5:e0:d7:19,12:34:56:12:34:56,Trojan.Qzonit,sname
May 28 2018 22:15:12 UTC,128.143.188.120,203.205.151.50,tcp,a8:d0:e5:e0:d7:19,12:34:56:12:34:56,Trojan.Qzonit,sname
May 28 2018 22:16:04 UTC,137.54.125.254,64.150.191.68,tcp,a8:d0:e5:e0:d7:19,12:34:56:12:34:56,Android.Monitor.Spy,sname
May 28 2018 22:16:04 UTC,137.54.125.254,64.150.191.68,tcp,a8:d0:e5:e0:d7:19,12:34:56:12:34:56,Android.Monitor.Spy,sname
May 28 2018 22:16:06 UTC,137.54.125.254,64.150.191.68,tcp,a8:d0:e5:e0:d7:19,12:34:56:12:34:56,Android.Monitor.Spy,sname
May 28 2018 22:16:06 UTC,137.54.125.254,64.150.191.68,tcp,a8:d0:e5:e0:d7:19,12:34:56:12:34:56,Android.Monitor.Spy,sname
May 28 2018 22:16:06 UTC,137.54.125.254,64.150.191.68,tcp,a8:d0:e5:e0:d7:19,12:34:56:12:34:56,Android.Monitor.Spy,sname
May 28 2018 22:16:06 UTC,137.54.125.254,64.150.191.68,tcp,a8:d0:e5:e0:d7:19,12:34:56:12:34:56,Android.Monitor.Spy,sname
May 28 2018 22:16:07 UTC,137.54.125.254,64.150.191.68,tcp,a8:d0:e5:e0:d7:19,12:34:56:12:34:56,Android.Monitor.Spy,sname
May 28 2018 22:16:07 UTC,137.54.125.254,64.150.191.68,tcp,a8:d0:e5:e0:d7:19,12:34:56:12:34:56,Android.Monitor.Spy,sname
May 28 2018 22:16:08 UTC,137.54.125.254,64.150.191.68,tcp,a8:d0:e5:e0:d7:19,12:34:56:12:34:56,Android.Monitor.Spy,sname
May 28 2018 22:16:08 UTC,137.54.125.254,64.150.191.68,tcp,a8:d0:e5:e0:d7:19,12:34:56:12:34:56,Android.Monitor.Spy,sname
May 28 2018 22:16:08 UTC,137.54.125.254,64.150.191.68,tcp,a8:d0:e5:e0:d7:19,12:34:56:12:34:56,Android.Monitor.Spy,sname
May 28 2018 22:16:08 UTC,137.54.125.254,64.150.191.68,tcp,a8:d0:e5:e0:d7:19,12:34:56:12:34:56,Android.Monitor.Spy,sname
May 28 2018 22:16:08 UTC,137.54.125.254,64.150.191.68,tcp,a8:d0:e5:e0:d7:19,12:34:56:12:34:56,Android.Monitor.Spy,sname
May 28 2018 22:16:08 UTC,137.54.125.254,64.150.191.68,tcp,a8:d0:e5:e0:d7:19,12:34:56:12:34:56,Android.Monitor.Spy,sname
May 28 2018 22:16:09 UTC,137.54.125.254,64.150.191.68,tcp,a8:d0:e5:e0:d7:19,12:34:56:12:34:56,Android.Monitor.Spy,sname
May 28 2018 22:16:09 UTC,137.54.125.254,64.150.191.68,tcp,a8:d0:e5:e0:d7:19,12:34:56:12:34:56,Android.Monitor.Spy,sname
May 28 2018 22:31:25 UTC,128.143.188.120,203.205.151.50,tcp,a8:d0:e5:e0:d7:19,12:34:56:12:34:56,Trojan.Qzonit,sname
May 28 2018 22:31:25 UTC,128.143.188.120,203.205.151.50,tcp,a8:d0:e5:e0:d7:19,12:34:56:12:34:56,Trojan.Qzonit,sname
May 28 2018 22:36:21 UTC,128.143.188.120,203.205.151.50,tcp,a8:d0:e5:e0:d7:19,12:34:56:12:34:56,Trojan.Qzonit,sname
May 28 2018 22:36:21 UTC,128.143.188.120,203.205.151.50,tcp,a8:d0:e5:e0:d7:19,12:34:56:12:34:56,Trojan.Qzonit,sname
May 28 2018 22:44:40 UTC,128.143.188.120,203.205.151.50,tcp,a8:d0:e5:e0:d7:19,12:34:56:12:34:56,Trojan.Qzonit,sname
May 28 2018 22:44:40 UTC,128.143.188.120,203.205.151.50,tcp,a8:d0:e5:e0:d7:19,12:34:56:12:34:56,Trojan.Qzonit,sname
May 28 2018 22:45:53 UTC,137.54.125.254,64.150.191.68,tcp,a8:d0:e5:e0:d7:19,12:34:56:12:34:56,Android.Monitor.TheTruthSpy,sname
May 28 2018 22:45:53 UTC,137.54.125.254,64.150.191.68,tcp,a8:d0:e5:e0:d7:19,12:34:56:12:34:56,Android.Monitor.TheTruthSpy,sname
May 28 2018 22:46:04 UTC,137.54.125.254,64.150.191.68,tcp,a8:d0:e5:e0:d7:19,12:34:56:12:34:56,Android.Monitor.Spy,sname
May 28 2018 22:46:04 UTC,137.54.125.254,64.150.191.68,tcp,a8:d0:e5:e0:d7:19,12:34:56:12:34:56,Android.Monitor.Spy,sname
May 28 2018 22:46:08 UTC,137.54.125.254,64.150.191.68,tcp,a8:d0:e5:e0:d7:19,12:34:56:12:34:56,Android.Monitor.Spy,sname
May 28 2018 22:46:08 UTC,137.54.125.254,64.150.191.68,tcp,a8:d0:e5:e0:d7:19,12:34:56:12:34:56,Android.Monitor.Spy,sname
May 28 2018 22:46:11 UTC,137.54.125.254,64.150.191.68,tcp,a8:d0:e5:e0:d7:19,12:34:56:12:34:56,Android.Monitor.Spy,sname
May 28 2018 22:46:11 UTC,137.54.125.254,64.150.191.68,tcp,a8:d0:e5:e0:d7:19,12:34:56:12:34:56,Android.Monitor.Spy,sname
May 28 2018 22:46:11 UTC,137.54.125.254,64.150.191.68,tcp,a8:d0:e5:e0:d7:19,12:34:56:12:34:56,Android.Monitor.Spy,sname
May 28 2018 22:46:11 UTC,137.54.125.254,64.150.191.68,tcp,a8:d0:e5:e0:d7:19,12:34:56:12:34:56,Android.Monitor.Spy,sname
May 28 2018 22:46:11 UTC,137.54.125.254,64.150.191.68,tcp,a8:d0:e5:e0:d7:19,12:34:56:12:34:56,Android.Monitor.Spy,sname
May 28 2018 22:46:11 UTC,137.54.125.254,64.150.191.68,tcp,a8:d0:e5:e0:d7:19,12:34:56:12:34:56,Android.Monitor.Spy,sname
May 28 2018 22:46:11 UTC,137.54.125.254,64.150.191.68,tcp,a8:d0:e5:e0:d7:19,12:34:56:12:34:56,Android.Monitor.Spy,sname
May 28 2018 22:46:11 UTC,137.54.125.254,64.150.191.68,tcp,a8:d0:e5:e0:d7:19,12:34:56:12:34:56,Android.Monitor.Spy,sname
May 28 2018 22:46:06 UTC,137.54.125.254,64.150.191.68,tcp,a8:d0:e5:e0:d7:19,12:34:56:12:34:56,Android.Monitor.Spy,sname
May 28 2018 22:46:06 UTC,137.54.125.254,64.150.191.68,tcp,a8:d0:e5:e0:d7:19,12:34:56:12:34:56,Android.Monitor.Spy,sname
May 28 2018 22:46:08 UTC,137.54.125.254,64.150.191.68,tcp,a8:d0:e5:e0:d7:19,12:34:56:12:34:56,Android.Monitor.Spy,sname
May 28 2018 22:46:08 UTC,137.54.125.254,64.150.191.68,tcp,a8:d0:e5:e0:d7:19,12:34:56:12:34:56,Android.Monitor.Spy,sname
May 28 2018 22:58:23 UTC,128.143.188.120,203.205.151.50,tcp,a8:d0:e5:e0:d7:19,12:34:56:12:34:56,Trojan.Qzonit,sname
May 28 2018 22:58:23 UTC,128.143.188.120,203.205.151.50,tcp,a8:d0:e5:e0:d7:19,12:34:56:12:34:56,Trojan.Qzonit,sname
May 28 2018 23:00:08 UTC,128.143.188.120,203.205.151.50,tcp,a8:d0:e5:e0:d7:19,12:34:56:12:34:56,Trojan.Qzonit,sname
May 28 2018 23:00:08 UTC,128.143.188.120,203.205.151.50,tcp,a8:d0:e5:e0:d7:19,12:34:56:12:34:56,Trojan.Qzonit,sname
May 28 2018 23:03:50 UTC,128.143.188.120,203.205.151.50,tcp,a8:d0:e5:e0:d7:19,12:34:56:12:34:56,Trojan.Qzonit,sname
May 28 2018 23:03:50 UTC,128.143.188.120,203.205.151.50,tcp,a8:d0:e5:e0:d7:19,12:34:56:12:34:56,Trojan.Qzonit,sname
May 28 2018 23:08:46 UTC,128.143.188.120,203.205.151.50,tcp,a8:d0:e5:e0:d7:19,12:34:56:12:34:56,Trojan.Qzonit,sname
May 28 2018 23:08:46 UTC,128.143.188.120,203.205.151.50,tcp,a8:d0:e5:e0:d7:19,12:34:56:12:34:56,Trojan.Qzonit,sname
May 28 2018 23:27:17 UTC,128.143.188.120,203.205.151.50,tcp,a8:d0:e5:e0:d7:19,12:34:56:12:34:56,Trojan.Qzonit,sname
May 28 2018 23:27:17 UTC,128.143.188.120,203.205.151.50,tcp,a8:d0:e5:e0:d7:19,12:34:56:12:34:56,Trojan.Qzonit,sname
May 28 2018 23:32:31 UTC,128.143.188.120,203.205.151.50,tcp,a8:d0:e5:e0:d7:19,12:34:56:12:34:56,Trojan.Qzonit,sname
May 28 2018 23:32:31 UTC,128.143.188.120,203.205.151.50,tcp,a8:d0:e5:e0:d7:19,12:34:56:12:34:56,Trojan.Qzonit,sname
May 28 2018 23:39:11 UTC,128.143.188.120,203.205.151.50,tcp,a8:d0:e5:e0:d7:19,12:34:56:12:34:56,Trojan.Qzonit,sname
May 28 2018 23:39:11 UTC,128.143.188.120,203.205.151.50,tcp,a8:d0:e5:e0:d7:19,12:34:56:12:34:56,Trojan.Qzonit,sname
May 28 2018 23:42:10 UTC,128.143.188.120,203.205.151.50,tcp,a8:d0:e5:e0:d7:19,12:34:56:12:34:56,Trojan.Qzonit,sname
May 28 2018 23:42:10 UTC,128.143.188.120,203.205.151.50,tcp,a8:d0:e5:e0:d7:19,12:34:56:12:34:56,Trojan.Qzonit,sname
May 28 2018 23:50:55 UTC,128.143.188.120,203.205.151.50,tcp,a8:d0:e5:e0:d7:19,12:34:56:12:34:56,Trojan.Qzonit,sname
May 28 2018 23:50:55 UTC,128.143.188.120,203.205.151.50,tcp,a8:d0:e5:e0:d7:19,12:34:56:12:34:56,Trojan.Qzonit,sname
May 28 2018 23:54:25 UTC,128.143.188.120,203.205.151.50,tcp,a8:d0:e5:e0:d7:19,12:34:56:12:34:56,Trojan.Qzonit,sname
May 28 2018 23:54:25 UTC,128.143.188.120,203.205.151.50,tcp,a8:d0:e5:e0:d7:19,12:34:56:12:34:56,Trojan.Qzonit,sname
May 29 2018 00:04:16 UTC,128.143.188.120,203.205.151.50,tcp,a8:d0:e5:e0:d7:19,12:34:56:12:34:56,Trojan.Qzonit,sname
May 29 2018 00:04:16 UTC,128.143.188.120,203.205.151.50,tcp,a8:d0:e5:e0:d7:19,12:34:56:12:34:56,Trojan.Qzonit,sname
May 29 2018 00:14:46 UTC,128.143.188.123,203.205.151.50,tcp,a8:d0:e5:e0:d7:19,12:34:56:12:34:56,Trojan.Qzonit,sname
May 29 2018 00:14:46 UTC,128.143.188.123,203.205.151.50,tcp,a8:d0:e5:e0:d7:19,12:34:56:12:34:56,Trojan.Qzonit,sname
May 29 2018 00:17:56 UTC,128.143.188.120,203.205.151.50,tcp,a8:d0:e5:e0:d7:19,12:34:56:12:34:56,Trojan.Qzonit,sname
May 29 2018 00:17:56 UTC,128.143.188.120,203.205.151.50,tcp,a8:d0:e5:e0:d7:19,12:34:56:12:34:56,Trojan.Qzonit,sname
May 29 2018 00:24:43 UTC,128.143.188.120,203.205.151.50,tcp,a8:d0:e5:e0:d7:19,12:34:56:12:34:56,Trojan.Qzonit,sname
May 29 2018 00:24:43 UTC,128.143.188.120,203.205.151.50,tcp,a8:d0:e5:e0:d7:19,12:34:56:12:34:56,Trojan.Qzonit,sname
May 29 2018 00:42:10 UTC,128.143.188.120,203.205.151.50,tcp,a8:d0:e5:e0:d7:19,12:34:56:12:34:56,Trojan.Qzonit,sname
May 29 2018 00:42:10 UTC,128.143.188.120,203.205.151.50,tcp,a8:d0:e5:e0:d7:19,12:34:56:12:34:56,Trojan.Qzonit,sname
May 29 2018 00:52:20 UTC,128.143.188.120,203.205.151.50,tcp,a8:d0:e5:e0:d7:19,12:34:56:12:34:56,Trojan.Qzonit,sname
May 29 2018 00:52:20 UTC,128.143.188.120,203.205.151.50,tcp,a8:d0:e5:e0:d7:19,12:34:56:12:34:56,Trojan.Qzonit,sname
May 29 2018 01:00:46 UTC,128.143.188.120,203.205.151.50,tcp,a8:d0:e5:e0:d7:19,12:34:56:12:34:56,Trojan.Qzonit,sname
May 29 2018 01:00:46 UTC,128.143.188.120,203.205.151.50,tcp,a8:d0:e5:e0:d7:19,12:34:56:12:34:56,Trojan.Qzonit,sname
May 29 2018 01:20:18 UTC,128.143.188.120,203.205.151.50,tcp,a8:d0:e5:e0:d7:19,12:34:56:12:34:56,Trojan.Qzonit,sname
May 29 2018 01:20:18 UTC,128.143.188.120,203.205.151.50,tcp,a8:d0:e5:e0:d7:19,12:34:56:12:34:56,Trojan.Qzonit,sname
May 29 2018 01:23:47 UTC,128.143.188.120,203.205.151.50,tcp,a8:d0:e5:e0:d7:19,12:34:56:12:34:56,Trojan.Qzonit,sname
May 29 2018 01:23:47 UTC,128.143.188.120,203.205.151.50,tcp,a8:d0:e5:e0:d7:19,12:34:56:12:34:56,Trojan.Qzonit,sname
May 29 2018 01:25:32 UTC,128.143.188.120,203.205.151.50,tcp,a8:d0:e5:e0:d7:19,12:34:56:12:34:56,Trojan.Qzonit,sname
May 29 2018 01:25:32 UTC,128.143.188.120,203.205.151.50,tcp,a8:d0:e5:e0:d7:19,12:34:56:12:34:56,Trojan.Qzonit,sname
May 29 2018 01:32:13 UTC,128.143.188.120,203.205.151.50,tcp,a8:d0:e5:e0:d7:19,12:34:56:12:34:56,Trojan.Qzonit,sname
May 29 2018 01:32:13 UTC,128.143.188.120,203.205.151.50,tcp,a8:d0:e5:e0:d7:19,12:34:56:12:34:56,Trojan.Qzonit,sname
May 29 2018 01:33:39 UTC,128.143.188.120,203.205.151.50,tcp,a8:d0:e5:e0:d7:19,12:34:56:12:34:56,Trojan.Qzonit,sname
May 29 2018 01:33:39 UTC,128.143.188.120,203.205.151.50,tcp,a8:d0:e5:e0:d7:19,12:34:56:12:34:56,Trojan.Qzonit,sname
May 29 2018 01:48:54 UTC,128.143.188.120,203.205.151.50,tcp,a8:d0:e5:e0:d7:19,12:34:56:12:34:56,Trojan.Qzonit,sname
May 29 2018 01:48:54 UTC,128.143.188.120,203.205.151.50,tcp,a8:d0:e5:e0:d7:19,12:34:56:12:34:56,Trojan.Qzonit,sname
May 29 2018 02:07:17 UTC,128.143.188.120,203.205.151.50,tcp,a8:d0:e5:e0:d7:19,12:34:56:12:34:56,Trojan.Qzonit,sname
May 29 2018 02:07:17 UTC,128.143.188.120,203.205.151.50,tcp,a8:d0:e5:e0:d7:19,12:34:56:12:34:56,Trojan.Qzonit,sname
May 29 2018 02:10:47 UTC,128.143.188.120,203.205.151.50,tcp,a8:d0:e5:e0:d7:19,12:34:56:12:34:56,Trojan.Qzonit,sname
May 29 2018 02:10:47 UTC,128.143.188.120,203.205.151.50,tcp,a8:d0:e5:e0:d7:19,12:34:56:12:34:56,Trojan.Qzonit,sname
May 29 2018 02:17:20 UTC,128.143.188.120,203.205.151.50,tcp,a8:d0:e5:e0:d7:19,12:34:56:12:34:56,Trojan.Qzonit,sname
May 29 2018 02:17:20 UTC,128.143.188.120,203.205.151.50,tcp,a8:d0:e5:e0:d7:19,12:34:56:12:34:56,Trojan.Qzonit,sname
May 29 2018 02:20:50 UTC,128.143.188.120,203.205.151.50,tcp,a8:d0:e5:e0:d7:19,12:34:56:12:34:56,Trojan.Qzonit,sname
May 29 2018 02:20:50 UTC,128.143.188.120,203.205.151.50,tcp,a8:d0:e5:e0:d7:19,12:34:56:12:34:56,Trojan.Qzonit,sname
May 29 2018 02:22:35 UTC,128.143.188.120,203.205.151.50,tcp,a8:d0:e5:e0:d7:19,12:34:56:12:34:56,Trojan.Qzonit,sname
May 29 2018 02:22:35 UTC,128.143.188.120,203.205.151.50,tcp,a8:d0:e5:e0:d7:19,12:34:56:12:34:56,Trojan.Qzonit,sname
May 29 2018 02:33:52 UTC,128.143.188.120,203.205.151.50,tcp,a8:d0:e5:e0:d7:19,12:34:56:12:34:56,Trojan.Qzonit,sname
May 29 2018 02:33:52 UTC,128.143.188.120,203.205.151.50,tcp,a8:d0:e5:e0:d7:19,12:34:56:12:34:56,Trojan.Qzonit,sname
May 29 2018 02:38:48 UTC,128.143.188.120,203.205.151.50,tcp,a8:d0:e5:e0:d7:19,12:34:56:12:34:56,Trojan.Qzonit,sname
May 29 2018 02:38:48 UTC,128.143.188.120,203.205.151.50,tcp,a8:d0:e5:e0:d7:19,12:34:56:12:34:56,Trojan.Qzonit,sname
May 29 2018 03:06:49 UTC,128.143.188.120,203.205.151.50,tcp,a8:d0:e5:e0:d7:19,12:34:56:12:34:56,Trojan.Qzonit,sname
May 29 2018 03:06:49 UTC,128.143.188.120,203.205.151.50,tcp,a8:d0:e5:e0:d7:19,12:34:56:12:34:56,Trojan.Qzonit,sname
May 29 2018 03:15:16 UTC,128.143.188.120,203.205.151.50,tcp,a8:d0:e5:e0:d7:19,12:34:56:12:34:56,Trojan.Qzonit,sname
May 29 2018 03:15:16 UTC,128.143.188.120,203.205.151.50,tcp,a8:d0:e5:e0:d7:19,12:34:56:12:34:56,Trojan.Qzonit,sname
May 29 2018 03:17:01 UTC,128.143.188.120,203.205.151.50,tcp,a8:d0:e5:e0:d7:19,12:34:56:12:34:56,Trojan.Qzonit,sname
May 29 2018 03:17:01 UTC,128.143.188.120,203.205.151.50,tcp,a8:d0:e5:e0:d7:19,12:34:56:12:34:56,Trojan.Qzonit,sname
May 29 2018 03:18:46 UTC,128.143.188.120,203.205.151.50,tcp,a8:d0:e5:e0:d7:19,12:34:56:12:34:56,Trojan.Qzonit,sname
May 29 2018 03:18:46 UTC,128.143.188.120,203.205.151.50,tcp,a8:d0:e5:e0:d7:19,12:34:56:12:34:56,Trojan.Qzonit,sname
May 29 2018 03:42:10 UTC,128.143.188.120,203.205.151.50,tcp,a8:d0:e5:e0:d7:19,12:34:56:12:34:56,Trojan.Qzonit,sname
May 29 2018 03:42:10 UTC,128.143.188.120,203.205.151.50,tcp,a8:d0:e5:e0:d7:19,12:34:56:12:34:56,Trojan.Qzonit,sname
May 29 2018 03:45:20 UTC,128.143.188.120,203.205.151.50,tcp,a8:d0:e5:e0:d7:19,12:34:56:12:34:56,Trojan.Qzonit,sname
May 29 2018 03:45:20 UTC,128.143.188.120,203.205.151.50,tcp,a8:d0:e5:e0:d7:19,12:34:56:12:34:56,Trojan.Qzonit,sname
May 29 2018 03:50:24 UTC,128.143.188.120,203.205.151.50,tcp,a8:d0:e5:e0:d7:19,12:34:56:12:34:56,Trojan.Qzonit,sname
May 29 2018 03:50:24 UTC,128.143.188.120,203.205.151.50,tcp,a8:d0:e5:e0:d7:19,12:34:56:12:34:56,Trojan.Qzonit,sname
May 29 2018 03:57:05 UTC,128.143.188.120,203.205.151.50,tcp,a8:d0:e5:e0:d7:19,12:34:56:12:34:56,Trojan.Qzonit,sname
May 29 2018 03:57:05 UTC,128.143.188.120,203.205.151.50,tcp,a8:d0:e5:e0:d7:19,12:34:56:12:34:56,Trojan.Qzonit,sname
